Name,Score,Percentage,Result,Dates,2,20,FAIL,2026-06-09 22:27:06
`XS,2,20,FAIL,2026-06-09 22:27:41
dsf,0,0,FAIL,2026-06-09 22:37:36
 ln,0,0,FAIL,2026-06-09 22:38:51
s,2,20,FAIL,2026-06-09 22:43:06
k,2,20,FAIL,2026-06-10 13:38:12
asd,2,20,FAIL,2026-06-10 13:39:41
dhjsbfuiwf ,2,20,FAIL,2026-06-10 13:41:13
sjkdbf,2,20,FAIL,2026-06-10 13:42:26
sdkfgnsd,2,20,FAIL,2026-06-10 13:44:54
klirnfg,2,20,FAIL,2026-06-10 15:08:18
lad,2,20,FAIL,2026-06-10 16:22:36
kerfgnrelfg,2,20,FAIL,2026-06-10 16:56:42
fearer,2,20,FAIL,2026-06-10 20:36:19
dsf,2,20,FAIL,2026-06-10 20:43:27
ergergregerg,9,90,PASS,2026-06-10 20:44:16
sdfaf,2,20,FAIL,2026-06-10 20:49:59
Akshar,2,20,FAIL,2026-06-10 20:50:47
dsfdsffwe,2,20,FAIL,2026-06-10 20:57:56
